Model,Algorithm Type,MSE,RMSE,MAE,MAPE (%)
SARIMA,Statistical,0.000000,0.000636,0.000351,0.0030%
LSTM,Deep Learning,0.000016,0.003988,0.003307,0.0283%
XGBoost,Tree Ensemble,0.000317,0.017809,0.014041,0.1203%
Random Forest,Tree Ensemble,0.000324,0.017993,0.014259,0.1222%
ARIMA,Statistical,0.000932,0.030531,0.020859,0.1790%
